<?xml version="1.0" encoding="utf-8" standalone="no"?>
<!DOCTYPE properties SYSTEM "http://java.sun.com/dtd/properties.dtd">
<properties>
<comment>FileVault Package Properties</comment>
<entry key="buildCount">1</entry>
<entry key="version">1.0-SNAPSHOT</entry>
<entry key="dependencies" />
<entry key="packageFormatVersion">2</entry>
<entry key="description">DnB Profile</entry>
<entry key="group">Tutorial</entry>
<entry key="name">customstore</entry>
<entry key="path">/etc/packages/Tutorial/dnb_profile-1.0-SNAPSHOT.zip</entry>
</properties>
